[{
  "_id": {
    "$oid": "5f44fc14f5938a65c4ded141"
  },
  "name": "小罗伯特·唐尼",
  "birthday": "1965年4月4日",
  "production": "《钢铁侠》、《卓别林》、《大侦探福尔摩斯》、《复仇者联盟》",
  "introduce": "1970年，5岁的小罗伯特·唐尼参演了个人首部电影《狗狗人生》。1985年，凭借电影《火爆小子》和《摩登保姆》崭露头角。1987年，在爱情喜剧电影《泡妞专家》中第一次担任主演。1992年，主演传记电影《卓别林》，因此入围了第65届奥斯卡金像奖最佳男主角奖。1996年至2001年，多次因毒品问题被捕入狱。2002年12月17日，刑期届满。2004年，发行个人首张音乐专辑《The Futurist》。2008年，唐尼在漫改电影《钢铁侠》中首次饰演“钢铁侠”托尼·史塔克，从而再次受到关注，其后在漫威电影宇宙多部电影中饰演该角色；同年，入选《时代周刊》“年度百大影响力人物”。2009年，凭借电影《热带惊雷》获得第81届奥斯卡金像奖最佳男配角提名；同年，主演悬疑电影《大侦探福尔摩斯》，他因此获得了第67届金球奖喜剧或音乐类影片最佳男主角奖。2019年，在漫威电影《复仇者联盟4：终局之战》中最后一次饰演托尼·史塔克。",
  "photo": "https://ss1.bdstatic.com/70cFuXSh_Q1YnxGkpoWK1HF6hhy/it/u=2948509454,1352517013&fm=26&gp=0.jpg",
  "__v": 0
},{
  "_id": {
    "$oid": "5f44fff8717acf6804ecee04"
  },
  "name": "克里斯·埃文斯",
  "birthday": "1981年6月13日",
  "production": "《美国队长：复仇者先锋》、《美国队长2：冬日战士》、《美国队长3：内战》、《雪国列车》、《天才少女》",
  "introduce": "2000年，克里斯·埃文斯出演CBS剧集《亡命天涯》，该剧是他的首部电视剧作品。2001年，克里斯主演了喜剧电影《非常男女》。2005年，克里斯出演科幻电影《神奇四侠》；2007年，克里斯出演“神奇四侠”系列的续集《神奇四侠2：银影侠现身》。2013年，克里斯主演了由奉俊昊执导的漫改电影《雪国列车》。2014年，克里斯·埃文斯执导并且主演了爱情电影《午夜邂逅》。2017年，克里斯·埃文斯主演的剧情影片《天才少女》上映。2019年，以4350万美元的收入在《福布斯》2019全球收入最高男演员TOP10中排名第八。2019福布斯100名人榜排名第73位",
  "photo": "https://timgsa.baidu.com/timg?image&quality=80&size=b9999_10000&sec=1598437094146&di=d9aae3d6568b82497805ce148f8d6f6b&imgtype=0&src=http%3A%2F%2Fgss0.baidu.com%2F9fo3dSag_xI4khGko9WTAnF6hhy%2Fzhidao%2Fpic%2Fitem%2F1e30e924b899a9019e8d519911950a7b0308f5e1.jpg",
  "__v": 0
},{
  "_id": {
    "$oid": "5f4500ad73ec1e62e0b42ad9"
  },
  "name": "马克·鲁法洛",
  "birthday": "1967年11月22日",
  "production": "《你可以信赖我》、《孩子们都很好》、《复仇者联盟》、《聚焦》",
  "introduce": "1994年，参演个人首部电影《禁入魔镜2：黑舞》。2000年，主演家庭电影《你可以信赖我》，并因此获得第26届洛杉矶影评人协会奖最佳新人奖。2004年，其主演的爱情电影《女孩梦三十》上映。2007年，与小罗伯特·唐尼领衔主演悬疑片《十二宫》。2010年，其导演处女作《对美味的怜悯》获得圣丹斯国际电影节评审团特别奖。2011年，凭借情感电影《孩子们都很好》入围第83届奥斯卡金像奖最佳男配角。",
  "photo": "https://timgsa.baidu.com/timg?image&quality=80&size=b9999_10000&sec=1598436978210&di=56c1f8910e7e0de6edd5e62a6a4a55fb&imgtype=0&src=http%3A%2F%2Fpic1.win4000.com%2Fpic%2F4%2F35%2F90681642260.jpg",
  "__v": 0
},{
  "_id": {
    "$oid": "5f4501185085251994f6780c"
  },
  "name": "克里斯·海姆斯沃斯",
  "birthday": "1983年8月11日",
  "production": "《雷神》、《复仇者联盟》、《白雪公主与猎人》",
  "introduce": "2011年，克里斯出演了好莱坞电影《雷神》，并凭借雷神一角成为好莱坞明星。2012年，克里斯获得第14届青少年选择奖夏日最佳男演员。2013年，克里斯以《复仇者联盟》、《白雪公主与猎人》的角色获得了人民选择奖最受欢迎动作电影明星奖。2014年，克里斯获得人民选择奖最受欢迎剧情片男演员提名和青少年选择奖最佳科幻/奇幻电影男演员提名。2014年，克里斯获选美国《人物》杂志全球最性感男人。2015年，克里斯·海姆斯沃斯收入2700万美元，居福布斯全球演员富豪榜排名第15位。2017年6月，克里斯·海姆斯沃斯成为美国电影艺术与科学学院成员。2019年，以7640万美元的收入在《福布斯》发布的2019全球收入最高男演员TOP10中排名第二。2019福布斯100名人榜排名第24位",
  "photo": "https://timgsa.baidu.com/timg?image&quality=80&size=b9999_10000&sec=1598437163888&di=458a38be555c8e47b25d3b7c2426fe03&imgtype=0&src=http%3A%2F%2Fpic3.zhimg.com%2Fv2-f1a4c581dba7bd7e0933f006bc799455_1200x500.jpg",
  "__v": 0
},{
  "_id": {
    "$oid": "5f45015b06ddf46ff4c15956"
  },
  "name": "斯嘉丽·约翰逊",
  "birthday": "1984年11月22日",
  "production": "《迷失东京》、《戴珍珠耳环的少女》、《复仇者联盟》、《超体》",
  "introduce": "1994年，出演了电影处女作《浪子保镖》。1996年，主演了剧情片《曼尼与洛》，凭借该片获得了第12届独立精神奖最佳女演员提名。1998年，因主演爱情电影《马语者》而获得了“票房炸弹奖”最佳女配角提名。2003年，主演了剧情片《迷失东京》，凭借该片获得了第57届英国电影和电视艺术学院奖电影奖-最佳女主角奖。2004年，主演了爱情传记电影《戴珍珠耳环的少女》，由此获得了第61届美国电影电视金球奖电影类-剧情类最佳女主角提名。2005年，出演了惊悚爱情电影《赛末点》，由此获得了第63届美国电影电视金球奖电影类-最佳女配角提名。2008年5月20，发表了个人首张专辑《Anywhere I Lay My Head》；8月15日，主演的爱情喜剧片《午夜巴塞罗那》上映。2009年，主演了舞台剧处女作《桥上一瞥》，凭借该剧获得了第64届托尼奖戏剧类最佳女配角奖。2010年，主演了漫威电影《钢铁侠2》。2012年，出演《复仇者联盟》。2013年，凭借配音的《她》获得了第8届罗马国际电影节最佳女主角奖，成为影史上首位凭借声音获奖的女星。2014年2月28日，获得了第39届法国电影凯撒奖荣誉奖。2016年，主演《美国队长3：内战》。2017年，主演《攻壳机动队》。2018年，主演《复仇者联盟3：无限战争》，凭借该片获得了第44届人民选择奖年度电影女星奖。2019年8月，福布斯公布的2019年全球收入最高女演员榜单，斯嘉丽位列第一。",
  "photo": "https://timgsa.baidu.com/timg?image&quality=80&size=b9999_10000&sec=1598437573638&di=6dbb00ff3d7cc6b9dc02088eec999daf&imgtype=0&src=http%3A%2F%2Fb-ssl.duitang.com%2Fuploads%2Fitem%2F201805%2F05%2F20180505123944_FwAcL.jpeg",
  "__v": 0
},{
  "_id": {
    "$oid": "5f45b59b56d53f2a140aa946"
  },
  "name": "托尼·贾",
  "birthday": "1976年2月5日",
  "production": "《拳霸前传:无敌杀手》、《魔宫帝国2：决斗》、《冬荫功》",
  "introduce": "生性爱武的托尼·贾自10岁起就开始要求父亲让他习武，自11岁看过成龙的电影后，托尼·贾梦想能像成龙般成功，自此他无间断每日都练习功夫。1984年，托尼·贾看到由帕纳·日提克莱自导自演的动作电影《Born To Fight》，便下定决心要拜他为师。于是，他每日放学后都会前往片场偷看人家怎样拍电影。高中毕业后，托尼·贾升读大学并主修体育科，期间学习了不少武术项目，包括跆拳道、泰拳、棍法及剑法。每逢周末，他也会前往帕纳·日提克莱的片场，他的诚意打动了帕纳·日提克莱，终肯收他为徒，传授功夫给他，并安排他担任影片中的替身。",
  "photo": "https://ss1.bdstatic.com/70cFvXSh_Q1YnxGkpoWK1HF6hhy/it/u=1426872990,3349331105&fm=26&gp=0.jpg",
  "__v": 0
},{
  "_id": {
    "$oid": "5f45b74beb05d22bf86a73be"
  },
  "name": "王宝强",
  "birthday": "1982年4月29日",
  "production": "《唐人街探案》、《人在囧途》、《人再囧途之泰囧》、《Hello!树先生》、《士兵突击》",
  "introduce": "王宝强，1982年4月29日出生在河北省邢台市南和区的一个贫寒的家庭里，在童年时期不被别人关注，在母亲的记忆中，王宝强的衣服都是他哥哥姐姐穿剩下的。王宝强因为看了李连杰的《少林寺》，才萌发了想要演电影的想法。6岁开始习武，8岁至14岁在河南嵩山少林寺做俗家弟子，在少林寺里，入门最初3年是基本功练习。冬季在凌晨5时起床跑步，夏季则提早至4时。周一和周二是素质训练，从少林寺跑到登封市区，再返回来，几乎相当于一个半程马拉松。早上做完基本训练，下午还得学习文化课，晚上再将当天的训练内容复习一次。在少林寺的6年中，王宝强只在过年的时候回过家。",
  "photo": "https://timgsa.baidu.com/timg?image&quality=80&size=b9999_10000&sec=1598437683514&di=d18d602ef32aa6d505f5fb2518253535&imgtype=0&src=http%3A%2F%2Fsmimg5.mingxing.com.cpgzh.com%2Fupload%2Fsmpic%2F2016%2F09-12%2F20160912181650656.jpg",
  "__v": 0
},{
  "_id": {
    "$oid": "5f45b8e1c8a2162be4adb5f9"
  },
  "name": "刘昊然",
  "birthday": "1997年10月10日",
  "production": "《唐人街探案》、《唐人街探案2》、《唐人街探案3》、《北京爱情故事》",
  "introduce": "刘昊然，1997年10月10日出生于河南省平顶山市，中国内地男演员，毕业于中央戏剧学院表演系本科。2014年，主演电影《北京爱情故事》，正式出道，凭借该片提名第21届北京大学生电影节最佳新人奖。2015年5月，加盟国防教育特别节目《真正男子汉》；7月，以专业和文化双科第一名的成绩被中央戏剧学院录取；12月，主演悬疑喜剧电影《唐人街探案》，凭借该片获得第20届华鼎奖中国最佳新人奖和2016中国电影指数盛典最佳银幕新锐演员奖，并提名第19届上海国际电影节亚洲新人奖最佳男演员，该片中国内地票房达到8.23亿元",
  "photo": "https://ss1.bdstatic.com/70cFvXSh_Q1YnxGkpoWK1HF6hhy/it/u=3780379776,1069130171&fm=26&gp=0.jpg",
  "__v": 0
},{
  "_id": {
    "$oid": "5f45bdff2299bb2c5c2cbe30"
  },
  "name": "妻夫木聪",
  "birthday": "1980年12月13日",
  "production": "《五个扑水的少年》、《Jose与虎与鱼们》、《日出前向青春告别》",
  "introduce": "妻夫木聪在福冈县出生，在神奈川县横滨市长大，毕业于神奈川县立舞冈高中。高中时是在杂志《东京ストリートニュース》中有“VIP高校生”之称，多次担任封面模特。1997年冬天，Horipro和Amuse两家艺人经纪公司携同日本放送联合举办了超大规模的选秀活动“star audition”，妻夫木聪应募了第一回“超big audition”，由日本全国300万人中脱颖而出获得最高奖，由此成了Horipro旗下的艺人。",
  "photo": "https://timgsa.baidu.com/timg?image&quality=80&size=b9999_10000&sec=1598437782844&di=9d5640cccbf31ddbb28f155b22ad0aa3&imgtype=0&src=http%3A%2F%2Fimg1.cache.netease.com%2Fcatchpic%2FE%2FE2%2FE293B4BF5CB067F49B10432996A7D639.jpg",
  "__v": 0
},{
  "_id": {
    "$oid": "5f45c38f8cfa722d1858e971"
  },
  "name": "长泽雅美",
  "birthday": "1987年6月3日",
  "production": "《在世界中心呼唤爱》、《棒球英豪》、《求婚大作战》",
  "introduce": "2000年1月9日，12岁的长泽雅美从35153位参赛者中脱颖而出，获得了东宝公司主办的第五回“东宝灰姑娘”选拔赛最优秀奖；同年，凭借科幻悬疑电影《走火入魔》进入演艺圈。2001年，长泽雅美成为青少年杂志《pichilemon》的专属模特。2002年4月27日，参演的爱情电影《残雪》上映；11月，出演的奇幻爱情电影《黄泉归来》首映。2003年9月13日，与小栗旬、伊藤淳史、冢本高史等共同主演的喜剧电影《机器人竞赛》上映，这是其首次担任主演，并凭借该片获得了第27届日本电影学院奖新人奖；11月3日，出演的科幻动作片《哥斯拉X摩斯拉X机械哥斯拉：东京SOS》上映。",
  "photo": "https://timgsa.baidu.com/timg?image&quality=80&size=b9999_10000&sec=1598437832314&di=f72c90a7589b303c37c0546fe4d38516&imgtype=0&src=http%3A%2F%2Fimg1.cache.netease.com%2Fcatchpic%2FF%2FF0%2FF03644F6C83E097725D923C8272C1752.jpg",
  "__v": 0
},{
  "_id": {
    "$oid": "5f4c6d3a6e9c3e1598eea165"
  },
  "name": "欧豪",
  "birthday": "1992年10月13日",
  "production": "少年、悟空传、在世界中心呼唤爱、左耳",
  "introduce": "中国内地流行乐男歌手、影视演员。2013年参加湖南卫视选秀娱乐节目《快乐男声》获全国总决赛亚军，从而正式出道，比赛期间被时尚杂志《红秀GRAZIA》评为“最型男生”冠军 。2014年，获得第14届音乐风云榜颁奖盛典最受欢迎新人奖；同年，出演个人首部电视剧《唱·战记》、爱情喜剧电影《临时同居》 。2015年，其主演的青春爱情电影《左耳》取得了4.85亿元的票房成绩，并凭借该片获得第16届华语电影传媒大奖最受瞩目男演员奖；同年，推出首张个人EP专辑《On His Own》。2016年，获得酷音乐亚洲盛典最佳全能艺人奖、最佳流行歌手奖 ，及亚洲金曲大赏最受欢迎全能艺人奖 ；同年，他又相继主演了青春犯罪电影《少年》 [13]  、青春爱情电影《在世界中心呼唤爱》 [14]  。2017年主演青春动作电影《青禾男高》、古装奇幻电影《悟空传》、革命历史电影《建军大业》 、古装奇幻悬疑电影《妖猫传》相继上映。2019年，主演的都市情感励志剧《山月不知心底事》播出。",
  "photo": "https://timgsa.baidu.com/timg?image&quality=80&size=b9999_10000&sec=1598853066857&di=0a78ecec3563d25db79654982ba92fb4&imgtype=0&src=http%3A%2F%2Fphotocdn.sohu.com%2F20150122%2FImg407986945.jpg"
},{
  "_id": {
    "$oid": "5f4c6d3a6e9c3e1598eea166"
  },
  "name": "王千源",
  "birthday": "1972年6月27日",
  "introduce": "王千源（原名王锦鹏），1972年6月27日生于辽宁省沈阳市，毕业于中央戏剧学院，中国内地男演员。1994年王千源参演个人电影处女作《赢家》。1997年在孙周执导电影《漂亮妈妈》中与巩俐合作。1998年主演抗战题材电影《山顶上的钟声》。2003年出演情感伦理剧《浪漫的事》。2006年参演谍战题材剧《五号特工组》。2007年领衔主演抗战革命剧《关中男人》。2010年凭借主演的喜剧电影《钢的琴》获得第23届东京国际电影节最佳男演员，第7届中美电影节最佳男演员。2014年参演吴宇森执导的电影《太平轮》。2015年参演犯罪警匪电影《解救吾先生》。2016年领衔主演年代公安剧《黎明决战》。2017年主演麻辣喜剧动作电影《龙虾刑警》。2017年9月16日凭借《解救吾先生》获得第31届中国电影金鸡奖最佳男配角",
  "production": "钢的琴、异镇、湄公河大案、解救吾先生、三七撞上二十一、黎明决战、绣春刀",
  "photo": "https://timgsa.baidu.com/timg?image&quality=80&size=b9999_10000&sec=1598853327669&di=83f7b322a8693f2413210c2fe766b09f&imgtype=0&src=http%3A%2F%2Fimage.thepaper.cn%2Fwww%2Fimage%2F4%2F690%2F88.jpg"
},{
  "_id": {
    "$oid": "5f4c6d3a6e9c3e1598eea167"
  },
  "name": "姜武",
  "birthday": "1969年11月4日",
  "production": "别了温哥华、小姨多鹤、洗澡、我的唐朝兄弟",
  "introduce": "1969年11月4日出生于河北省唐山市，中国内地影视男演员、导演，毕业于北京电影学院表演系。1999年因电影《洗澡》中出演二明为人所知，并凭此片相继获得第7届北京大学生电影节最佳男演员奖、第5届中国长春电影节最佳男配角奖等总共四个奖项。1992年《葛老爷子》获中国长春国际电影节“长春银杯奖”、1999年《美丽新世界》获得1999年第19届夏威夷国际电影节最佳男主角奖、2007年凭借《5颗子弹》获得第26届中国电影金鸡奖最佳男配角提名。2009年《我的唐朝兄弟》获得第6届中美电影节最佳男主角奖、第2届英国万像国际华语电影节最佳男演员奖。2001年《空镜子》、2004年《别了温哥华》获得第四届电视节“双十佳”“十佳”演员奖 。2009年《满堂爹娘》获得2010年春季电视剧互联网盛典最佳男演员奖。2011年《誓言今生》获得第8届华鼎奖中国近代革命题材电视剧最佳男演员。",
  "photo": "https://timgsa.baidu.com/timg?image&quality=80&size=b9999_10000&sec=1598853566357&di=2597f90350b33340fb40c26176da8053&imgtype=0&src=http%3A%2F%2Fg.hiphotos.baidu.com%2Fbaike%2Fcrop%253D0%252C0%252C2995%252C2995%253Bh%253D480%253Bq%253D70%2Fsign%3D6df13ef7424a20a425516687ad62b412%2F77c6a7efce1b9d16d31dfc84fedeb48f8d546478.jpg"
},{
  "_id": {
    "$oid": "5f4c6d3a6e9c3e1598eea168"
  },
  "name": "黄志忠",
  "birthday": "1969年3月5日",
  "production": "大明王朝1566、人间正道是沧桑、家常菜、中国远征军、新亮剑",
  "introduce": "1969年3月5日出生于天津市和平区，原天津体工大队青年队篮球运动员，毕业于中央戏剧学院，中国内地男演员。2005年黄志忠主演都市情感剧《靠近你温暖我》。2006年在古装历史剧《大明王朝1566》中饰演海瑞，为观众所熟知。2008年主演革命战争剧《人间正道是沧桑》，凭借饰演的杨立仁一角获得第28届中国电视剧飞天奖优秀男演员，第16届上海电视节最佳男演员。2009年主演建国六十周年献礼片《冷箭》。2010年主演家庭情感剧《家常菜》 [8-9]  ；同年凭借主演的战争史诗剧《中国远征军》获得第28届中国电视剧飞天奖最佳男演员奖",
  "photo": "https://ss1.bdstatic.com/70cFuXSh_Q1YnxGkpoWK1HF6hhy/it/u=516026146,2321838475&fm=26&gp=0.jpg"
}]