[{
  "_id": {
    "$oid": "5f461ad460b31236d42ab89e"
  },
  "movie": "姜子牙",
  "poster": "https://timgsa.baidu.com/timg?image&quality=80&size=b9999_10000&sec=1598439721858&di=02cc397b9f69bfacc43ab6375ee11132&imgtype=0&src=http%3A%2F%2Finews.gtimg.com%2Fnewsapp_bt%2F0%2F10410791074%2F1000.jpg",
  "time": "2020年10月1日",
  "__v": 0
},{
  "_id": {
    "$oid": "5f461c218d95215858f826ab"
  },
  "movie": "夺冠",
  "poster": "https://ss0.bdstatic.com/70cFvHSh_Q1YnxGkpoWK1HF6hhy/it/u=2646283032,972639924&fm=15&gp=0.jpg",
  "time": "2020年10月1日",
  "__v": 0
},{
  "_id": {
    "$oid": "5f461c342825ef55fc30ef5d"
  },
  "movie": "菊次郎的夏天",
  "poster": "https://timgsa.baidu.com/timg?image&quality=80&size=b9999_10000&sec=1598440291628&di=d0498bba707f3f625b0813c31f41c056&imgtype=0&src=http%3A%2F%2Fi0.hdslb.com%2Fbfs%2Farchive%2F3b3dd84e4edff8c9eee4b22e2653f5a6946588e9.jpg",
  "time": "2020年10月1日",
  "__v": 0
},{
  "_id": {
    "$oid": "5f461ceb4ab15b5fe48b1765"
  },
  "movie": "盗梦空间",
  "poster": "https://ss1.bdstatic.com/70cFvXSh_Q1YnxGkpoWK1HF6hhy/it/u=1464749308,3032699593&fm=26&gp=0.jpg",
  "time": "2020年10月1日",
  "__v": 0
},{
  "_id": {
    "$oid": "5f461d402708e653f8a5a57b"
  },
  "movie": "信条",
  "poster": "https://timgsa.baidu.com/timg?image&quality=80&size=b9999_10000&sec=1598440572862&di=63176889dcb44508f19e6b04d24c7402&imgtype=0&src=http%3A%2F%2Fwww.cntvan.com%2Fnewimg%2F2019%2F1220%2F20191220095259861.jpg",
  "time": "2020年10月1日",
  "__v": 0
}]