[{
  "_id": {
    "$oid": "5f4dad6416f0a23ee47a3bf8"
  },
  "comment": [],
  "poster": [
    "http://127.0.0.1:3000/images/15989261806745200.jpg"
  ],
  "author": "佘荣章",
  "authorId": "5f4da18afc8bad2d7cf91747",
  "content": "我从未看过美式漫画，所以，影视和动画成为了我心中唯一的美式英雄记忆。童年时，超人是我最初的美式英雄人物，梦里都想象着自己是爸妈从外星领养的孩子。少年时，蜘蛛侠重塑了我心目中的超级英雄，能够被变异蜘蛛咬一口就好了。大学后，钢铁侠一炮而红，漫威宇宙陆陆续续来了，再一次激起了全世界的英雄狂热。十年时间，我没有落下过一部漫威电影，甚至因为喜爱，我连DC的电影也都没放过，可是最近几年，除了一种怀念，再也体会不到身体中热血沸腾的感觉了。超级英雄越来越平淡了，除了越来越酷炫的特效，再也看不到任何亮点。一部电影看完以后，就像一场宿醉，剩下的只是无尽空虚，当电影只是变成一场消费，意义何在？也许只是因为漫威的高产，让我们审美疲惫，但也许，超级英雄本就是一场梦，离现实太远，自然失去了吸引成年人的意义。有的时候，看着快满5岁的女儿在看超弱智的超级英雄动画片时眼睛发亮，多么羡慕那变身穿上神装的一刻。就像童年的自己，充满幻想，希望能拯救世界，打败邪恶。可惜，人是在成长的，我是回不去了，两年前实在是跟不上《海贼王》了，今天，复联的完结，也彻底终结了我的超级英雄梦，就像电影最后的美队一样，人，始终还是应该回归现实，幸福常伴生活。",
  "headImg": "http://127.0.0.1:3000/images/15989232809806915.jpg",
  "movie": "复仇者联盟4:终结之战",
  "title": "10年的超英，爷青结",
  "time": "2020年9月2日",
  "like": 0,
  "__v": 0
}]