[{
  "_id": {
    "$oid": "5f44f10a2a0c435a3c9f76bc"
  },
  "actor": [
    {
      "name": "小罗伯特·唐尼",
      "id": "5f44fc14f5938a65c4ded141"
    },
    {
      "name": "克里斯·埃文斯",
      "id": "5f44fff8717acf6804ecee04"
    },
    {
      "name": "克里斯·海姆斯沃斯",
      "id": "5f4501185085251994f6780c"
    },
    {
      "name": "斯嘉丽·约翰逊",
      "id": "5f45015b06ddf46ff4c15956"
    },
    {
      "name": "马克·鲁弗洛",
      "id": "5f4500ad73ec1e62e0b42ad9"
    }
  ],
  "director": [
    {
      "name": "安东尼·罗素",
      "id": ""
    },
    {
      "name": "乔·罗素",
      "id": ""
    }
  ],
  "movie": "复仇者联盟4:终结之战",
  "star": 5,
  "intro": "一声响指，宇宙间半数生命灰飞烟灭。几近绝望的复仇者们在惊奇队长（布丽·拉尔森 Brie Larson 饰）的帮助下找到灭霸（乔什·布洛林 Josh Brolin 饰）归隐之处，却得知六颗无限宝石均被销毁，希望彻底破灭。如是过了五年，迷失在量子领域的蚁人（保罗·路德 Paul Rudd 饰）意外回到现实世界，他的出现为幸存的复仇者们点燃了希望。与美国队长（克里斯·埃文斯 Chris Evans 饰）冰释前嫌的托尼（小罗伯特·唐尼 Robert Downey Jr. 饰）找到了穿越时空的方法，星散各地的超级英雄再度集结，他们分别穿越不同的时代去搜集无限宝石。而在这一过程中，平行宇宙的灭霸察觉了他们的计划。注定要载入史册的最终决战，超级英雄们为了心中恪守的信念前仆后继……",
  "poster": "https://timgsa.baidu.com/timg?image&quality=80&size=b9999_10000&sec=1594819668039&di=87fa159d2d54bac6bd724261a154bee3&imgtype=0&src=http%3A%2F%2Fdingyue.ws.126.net%2F7LAVVIOaFWjXrEwFpkeRspi1CwiLvQpxIEtQHV8NO7m221553535580694compressflag.jpeg",
  "price": 59,
  "time": "2020/9/20",
  "__v": 0
},{
  "_id": {
    "$oid": "5f44f7773fd06a6c5417a194"
  },
  "actor": [
    {
      "name": "王宝强",
      "id": "5f45b74beb05d22bf86a73be"
    },
    {
      "name": "刘昊然",
      "id": "5f45b8e1c8a2162be4adb5f9"
    },
    {
      "name": "妻夫木聪",
      "id": "5f45bdff2299bb2c5c2cbe30"
    },
    {
      "name": "托尼·贾",
      "id": "5f45b59b56d53f2a140aa946"
    },
    {
      "name": "长泽雅美",
      "id": "5f45c38f8cfa722d1858e971"
    }
  ],
  "director": [
    {
      "name": "陈思诚",
      "id": ""
    }
  ],
  "movie": "唐人街探案3",
  "star": 4,
  "intro": "该片讲述了“曼谷夺金杀人案”、“纽约五行连环杀人案”后，“唐人街神探组合”唐仁，秦风被野田昊请到东京，调查一桩离奇的谋杀案的故事。继曼谷、纽约之后，东京再出大案。唐人街神探唐仁（王宝强饰）、秦风（刘昊然饰）受侦探野田昊（妻夫木聪饰）的邀请前往破案。“CRIMASTER世界侦探排行榜”中的侦探们闻讯后也齐聚东京，加入挑战，而排名第一Q的现身，让这个大案更加扑朔迷离，一场亚洲最强神探之间的较量即将爆笑展开……",
  "poster": "https://timgsa.baidu.com/timg?image&quality=80&size=b9999_10000&sec=1594820174123&di=da86041696d8b837883a5241521c5db9&imgtype=0&src=http%3A%2F%2Fpic-bucket.ws.126.net%2Fphoto%2F0003%2F2020-01-07%2FF29FRM3H3LF60003NOS.jpg",
  "price": 59,
  "time": "2020/9/18",
  "__v": 0
},{
  "_id": {
    "$oid": "5f4c6e336e9c3e1598eea16a"
  },
  "actor": [
    {
      "id": "5f4c6d3a6e9c3e1598eea165",
      "name": "欧豪"
    },
    {
      "id": "5f4c6d3a6e9c3e1598eea166",
      "name": "王千源"
    },
    {
      "id": "5f4c6d3a6e9c3e1598eea168",
      "name": "黄志忠"
    },
    {
      "id": "5f4c6d3a6e9c3e1598eea167",
      "name": "姜武"
    }
  ],
  "director": [
    {
      "name": "管虎",
      "id": ""
    }
  ],
  "movie": "八佰",
  "intro": "故事原型为一九三七年发生于上海的四行仓库保卫战，此战为淞沪会战最后一役，故事围绕“八百孤军血战四行仓库”展开。1937年淞沪会战末期，中日双方激战已持续三个月，上海濒临沦陷。第88师262旅524团团副谢晋元（杜淳饰）率420余人，孤军坚守最后的防线，留守上海四行仓库。与租界一河之隔，造就了罕见的被围观的战争。为壮声势，实际人数四百人而对外号称八百人 。“八百壮士”奉命留守上海闸北，在苏州河畔的四行仓库鏖战四天，直至10月30日才获令撤往英租界。该片的故事背景选择了1937年的淞沪会战，正是民族经历最为惨痛的灾难的时期，导演希望不计代价拍好这个故事。",
  "poster": "https://timgsa.baidu.com/timg?image&quality=80&size=b9999_10000&sec=1598852425999&di=d5aa1ec3852e5cd943abbb82a7840333&imgtype=0&src=http%3A%2F%2Frizhao.dzwww.com%2Fsd%2F201912%2FW020191218528244350813.jpg",
  "star": 5,
  "price": 50,
  "time": "2020/08/22"
}]