[{
  "_id": {
    "$oid": "5f4ca7561f53123b8036fb20"
  },
  "seat": [
    {
      "col": "F",
      "row": 3,
      "choose": true,
      "onchoose": false
    },
    {
      "col": "F",
      "row": 4,
      "choose": true,
      "onchoose": false
    },
    {
      "col": "F",
      "row": 5,
      "choose": true,
      "onchoose": false
    }
  ],
  "movie": "5f44f10a2a0c435a3c9f76bc",
  "buyer": "5f4be4e2c2d6fd5f08256777",
  "__v": 0
},{
  "_id": {
    "$oid": "5f4ca7971f53123b8036fb21"
  },
  "seat": [
    {
      "col": "D",
      "row": 4,
      "choose": true,
      "onchoose": false
    },
    {
      "col": "D",
      "row": 5,
      "choose": true,
      "onchoose": false
    }
  ],
  "movie": "5f44f10a2a0c435a3c9f76bc",
  "buyer": "5f4be4e2c2d6fd5f08256777",
  "__v": 0
}]