[{
  "_id": {
    "$oid": "5f4be4e2c2d6fd5f08256777"
  },
  "collectId": [],
  "contentId": [],
  "pay": [
    {
      "$oid": "5f4ca7561f53123b8036fb20"
    },
    {
      "$oid": "5f4ca7971f53123b8036fb21"
    }
  ],
  "type": [
    {
      "name": "灾难",
      "index": 2,
      "isLike": true
    },
    {
      "name": "文艺",
      "index": 3,
      "isLike": true
    }
  ],
  "phone": 17765670805,
  "password": "123",
  "name": "进击的盒子",
  "introduce": "我们的口号",
  "headImg": "",
  "backgroundImg": "",
  "__v": 0
},{
  "_id": {
    "$oid": "5f4da18afc8bad2d7cf91747"
  },
  "collectId": [],
  "contentId": [
    {
      "$oid": "5f4dad6416f0a23ee47a3bf8"
    }
  ],
  "pay": [],
  "type": [
    {
      "name": "灾难",
      "index": 2,
      "isLike": true
    },
    {
      "name": "文艺",
      "index": 3,
      "isLike": true
    }
  ],
  "phone": 17765670808,
  "password": "123",
  "name": "佘荣章",
  "introduce": "介绍一下自己",
  "headImg": "images/15989232809806915.jpg",
  "backgroundImg": "images/15989232587789894.jpg",
  "__v": 0
}]